agent_code,performance
003c1999,High
00d5bda3,High
012a3553,Medium
012f0e15,High
0177ed5f,High
01a4ff82,High
01b0edf6,Medium
01c0860d,Medium
01c63d8e,High
01cf7b40,High
026b60ee,High
026ffb43,High
0279d0a7,High
03216cb4,Medium
0330163d,Low
041aede5,High
0439a5fc,High
046d7894,High
04cd94ce,High
04f897f5,Medium
0522b331,High
05339eaf,Medium
057dd1b3,Medium
0599fb2d,High
05cb3b30,Medium
068c4b6c,High
06acbf85,High
06dfa6a3,High
071a8882,High
071c1880,High
084c02de,High
0879757d,High
087ef587,High
08a278cd,Medium
08d93405,High
08dd9dac,High
096ab135,High
09b8e785,High
0a14b2af,Low
0a318094,Medium
0a37f9af,Medium
0a419b45,High
0a75b64a,High
0aaac9a7,High
0aacb7a8,Low
0acddc02,Low
0af61868,Medium
0b1be2b8,High
0b1d7054,Medium
0b51084d,Medium
0b5ebeaa,Low
0bae2f2d,High
0bb2468d,Low
0c0e65a4,Low
0c22f517,High
0d045ee9,High
0db1f74b,Medium
0e0c2212,Medium
0e123beb,High
0e34a568,Medium
0e4280de,High
0e4770a7,High
0e4db07d,High
0f111c9b,Low
0f4994af,Medium
0f4c38b4,High
0f6f67b0,High
0fc88310,High
0fd5804f,High
10944892,Low
10be4b4c,High
10dabaca,High
11029f56,High
11b6f9e5,Medium
11c7cd6c,High
11ddf2a7,High
11edb733,High
11ee7678,High
1235ad70,Medium
12d58408,High
12e43255,High
13e6e2f9,High
140655a0,Medium
1450745b,High
145cbf5b,High
15047db1,High
157cd419,Medium
1630a967,High
166ddb3a,High
17b72bab,High
1844e2c4,Medium
1892831c,High
18f0e6f8,High
196a3da0,High
19dda843,High
19e0d9d3,High
1a1279f8,High
1a7f1c16,High
1ab4c789,High
1ac57404,High
1b2014ec,High
1b6476ac,High
1b77fbd0,High
1b99b648,High
1bafe9a2,Medium
1bdc27c3,High
1c413762,High
1c54ce8b,High
1c95f015,High
1cdac474,High
1d06e191,Low
1d07a8b2,High
1d08e7c3,High
1d8f94c7,Low
1de378ca,High
1e05b8c4,High
1e3e08fc,Low
1e3e90f3,High
1e587e04,Low
1ec9c089,High
1eda1691,High
1ee2b2ae,High
1f5135c3,High
1ff8e6d6,Medium
2022f5a4,High
20326773,High
207ecfc9,High
20f326a5,High
224be699,High
2296c882,High
232f671f,High
23a5ee4a,High
23b47704,High
242ff816,High
246a70a6,High
2504b4ba,Medium
250d39cb,High
2522b4fe,Medium
25cd5d60,High
26142387,High
264728f9,High
269c4e60,Low
26c3dddd,High
26f591b2,High
272f6f80,Low
27565665,High
27b10a36,High
27be2ac1,Low
27f35403,High
2873d9d1,High
2883d02e,Low
293115df,High
293124a7,Low
29ab6f3f,High
2aa84d40,Low
2b0a8ba8,Medium
2b4416f2,High
2b84dfe0,High
2bf63daa,High
2c435787,Low
2c95542c,Medium
2cc86dc1,High
2d115488,Low
2d168116,High
2db3122b,High
2ddf7f26,High
2e3d2e76,High
2ea94d44,High
2f8f3b33,High
3.55E+05,High
300ddfbc,High
3068a03e,High
311a7df5,High
3173b081,High
31e59316,Low
3219e0f5,Low
3273914b,High
32831c50,High
328cab7d,High
328e4201,High
3299ea4c,High
32cc5ccc,Medium
32dca4d5,Low
32e1912c,Medium
3363b8d9,Medium
3383fd5c,High
3417b25d,Medium
3417ed0a,High
344e0483,High
34e9e182,High
34ffbdb5,High
3515f968,Medium
357c3868,Low
358091af,Medium
35998753,High
35c456a1,High
35dd02c7,High
360ed942,High
36a0b154,Medium
36aef680,High
379c10a1,High
37b41a6c,Medium
380bd7cc,Medium
3812c4ee,High
38203463,Low
38aaffd5,High
393f3bf6,High
396d8793,Low
39b8984c,High
39efba70,Medium
39f484d0,Medium
39fdf86e,High
3a296b6c,High
3a47f9bd,High
3a5a4ac6,High
3af761d0,Medium
3b689e3b,Medium
3b8142c2,Low
3c046694,Low
3c08603a,High
3c120430,Low
3c26fc5a,High
3c42efd4,High
3c53cbc1,Medium
3c7a8b50,High
3ce8e9ed,Medium
3cf0c354,Medium
3cfc52f3,High
3d00b9ca,High
3d15739c,High
3d80c955,Medium
3d94a6e8,Low
3dd0c2a1,High
3df612f0,High
3e53c636,High
3e5ac0ee,High
3e8c2a01,High
3eaca3a0,Medium
3eb7edb4,High
3ec02013,High
3fa56b2f,High
3fae68fe,High
4.68E+11,Low
400e8f57,High
4031618e,Medium
40b62a16,High
417f5867,High
41d75955,Medium
428ca558,High
42df1e2f,High
430152bb,Medium
44303003,High
448bb5ec,Medium
44b3f07a,High
44c6464f,Medium
44e1a8af,High
455ca878,High
458aa9db,Medium
45910031,High
4609bc37,High
461a76aa,High
470d81d4,Medium
471fdac3,Medium
47947b4c,High
47c3bcc3,High
47c6c65c,Low
47e9a908,High
48669912,Medium
4936a505,Medium
49a9d7fa,Medium
4a0b5fa3,Medium
4a36c4e0,High
4a8112fe,Medium
4aa2a587,High
4aa5bb82,High
4b50ba06,High
4c33101d,High
4ca77240,High
4d543192,Medium
4d953b7c,High
4df767d7,Low
4e65e45e,High
4eb0e534,High
4ec46520,High
4eff9854,High
4fe58569,High
507d2705,High
50bb84a3,High
51321fa2,High
51b5ab9b,High
51dc42f2,Low
52421009,High
5287392d,High
52acfbac,High
52d3b4c8,High
52de1f9c,Medium
52e1374a,High
53826690,Medium
53a3110b,High
53f114f3,High
54240662,High
54643ae7,High
54768850,High
54c07c11,High
54ca74d2,High
54e55461,High
5550ec46,High
55616a7d,Low
55c823e7,Medium
55e876fa,High
56df72a9,High
56edaaf5,High
5724f683,High
572c0422,High
57480056,High
57797bda,High
57838cf4,High
580d98ee,High
5922d261,High
599c361f,Medium
59f16623,High
59f2fa1d,Medium
5a4c13f1,High
5b3a18f8,Medium
5b80ded5,Medium
5c0601a2,Medium
5c4dd08c,High
5ccac519,High
5d8cf04d,High
5da2a068,High
5e002d6b,High
5e060b04,High
5e628af1,High
5e72ea09,Low
5e7c70cd,High
5f13e12d,Low
5f5eecd9,High
5fb6d997,Medium
5fe00842,High
5fe90f9b,Low
601d9d26,High
60b8427e,High
61b67baf,Medium
62154055,High
62379003,High
624eb18c,High
6289cef1,High
62a78c32,Medium
62a909fb,High
62d089a7,High
6321a9ef,Medium
63eff67e,High
641f2147,Medium
6452bd08,High
6475a0ed,High
647b43a4,High
64850856,Low
64bcc561,High
64dbef0d,High
64de3268,Low
64e42473,Medium
655dab4a,High
65ca2c59,Medium
65e7321a,Medium
660cb327,High
6643513a,Low
6698f96f,High
66df6d5a,High
6717a1a3,High
67e1eaf0,Low
68198d93,High
6832d07e,High
68c5d5c4,High
68deb531,High
694db98b,Low
6951b407,High
695935d8,Low
6960de8b,Low
69e592f6,High
6aae1684,High
6bd21ccf,Medium
6c207d2a,High
6c679551,High
6c9197e8,Medium
6c9d3c40,High
6d1a5987,High
6d680538,Medium
6e578e1b,High
6e69e08b,High
6e725ba0,High
6f0bb1b5,Medium
6f2f687a,High
6f6da4c8,High
6f975ef6,High
6fa65e5e,High
6ffcf8e2,High
6ffd67f0,High
7.02E+05,High
7.28E+05,High
7.99E+12,Medium
70813884,High
70835cbd,High
70a5dc07,High
70f300fa,High
713a8305,High
71607bc6,Medium
7167c72f,Medium
71a00b5e,Low
71c650c2,High
726d4dfd,High
739376d2,High
73fc3821,High
744b2429,High
74c002f8,High
750fb3a2,Medium
75703031,High
765fff3b,High
77831d24,High
779a11fe,Medium
77a8b54a,High
7827b6dc,Medium
7833e777,Low
786ddd95,Medium
789ec6d8,Medium
78ab067e,High
79070d83,High
790d6039,Low
7973fc92,High
79ba72f9,High
79c98d49,High
79ecb6b7,High
7a03b549,High
7a1787dc,High
7a480f7f,Medium
7abe34d0,Medium
7b67b89d,High
7bd02f08,High
7c23e75e,High
7c31eb96,Medium
7c6db591,Medium
7cca0fc1,High
7d65dcb3,High
7d66cad7,Low
7d88bca8,High
7d9166e2,High
7dc61c41,High
7e01dea3,High
7f45d13e,High
7f69270a,High
7f8d4215,Low
7fe3706e,Medium
8.09E+28,High
811ab465,High
816a9c71,Medium
817339ac,High
8209b2a0,High
8265855f,High
82b8665c,Medium
833d1afb,High
838ca2b3,High
844e21a0,High
8450fe9e,Medium
84a7eaf5,Medium
84bc935c,Medium
84ef9ce3,High
85857de6,High
85994955,Medium
85f1427f,Medium
862e2590,Medium
868cd194,High
86c4b14c,Medium
86c9436f,High
86fcfefe,High
877de375,High
87bc8e5a,High
87c0771b,Medium
8813423f,High
885be06c,High
88c2ff7a,High
88c79618,Medium
88feb000,Medium
890e8652,High
89633f45,High
89a8cb39,High
89cb3dd5,High
8a5c31db,Medium
8ac71189,Low
8afae4e5,High
8b1eb4a9,High
8b5cd67d,High
8ba38ed9,High
8c4fd446,Low
8c867ff9,High
8dab5c95,High
8e04acc1,High
8e2e35c7,Medium
8f0e0595,High
8f132aa4,Low
8f18449c,High
8f4643ab,High
8f699df7,High
8f77f8e4,High
8f887bfa,High
9.63E+09,Low
904e6c62,High
90758512,High
90ea32ad,High
9108e3de,Medium
9256cb6d,High
92647c39,High
926a4de6,High
92dd19af,High
93779b01,Low
9379e3f2,Medium
93a839c4,High
94427825,Medium
944d7abd,High
9494149d,High
95185021,High
9536ec88,Medium
953805f0,Medium
95489a00,Medium
956005ab,Medium
95ab0bc5,High
961e6577,High
96277898,Low
963a1048,High
96471aab,Medium
97045eb6,High
9716c60e,Low
974da954,Medium
97d645e0,High
97eace3e,High
9828b73c,High
98da75b8,High
98e4577e,High
9901c7de,High
998a39aa,High
9ac134bb,High
9bcb60ec,Low
9bf16323,Medium
9bf2290b,High
9c2e3be7,High
9c368468,Medium
9ca2a7ff,High
9caa7fdc,Low
9caee735,High
9d0bde50,Low
9d27a440,Medium
9db596eb,Medium
9dc48356,Low
9e2e849a,Medium
9e301c4f,High
9e32a219,High
9e6b324e,High
9fe0462c,Medium
9ff7cf01,High
a024a368,Medium
a02f250c,High
a045b770,High
a050e91a,High
a09aba1d,High
a0ad55fc,High
a0cc389a,Medium
a0e4b237,High
a14ecd6f,Medium
a199082b,High
a1d1d855,High
a1f12a6c,High
a26f3975,High
a2892004,High
a2d9fb74,Medium
a2dd881e,Low
a30df4f5,High
a35c7842,Medium
a40e05c1,Low
a46b6249,Medium
a495eaf3,High
a4eb52e8,Medium
a500afe1,High
a58bf05b,Low
a635b43b,Medium
a6859260,Medium
a6c30232,High
a74c182c,High
a7b58a6a,Medium
a7c9fb50,Medium
a905dc28,High
a9431e50,High
a9483c0c,High
a9629fa4,High
a982882a,Medium
a98bb7aa,Medium
a9b4595f,High
aa23f1f0,Low
aa741268,High
aac1e99d,High
ab5e22f2,Low
ac15ff9e,Low
ac376335,Low
ac3e254b,High
ac9f7073,High
acdb0c76,High
ad35e92d,Low
ad540940,High
ad55bf27,High
ad927b09,Medium
adbe5d94,High
ae14c4be,High
ae4aa5cf,High
aeec664e,High
af1c7a87,High
af45bd51,High
afad29ed,Low
afb9ab2c,High
aff0c4c3,High
b009bd86,High
b0142ea6,High
b02dee9c,Medium
b03b2550,High
b07c503c,High
b09baba0,High
b09dd216,High
b0bc7872,Medium
b0c31563,Medium
b119ccc5,High
b1730def,High
b18f0678,High
b1dc3ef9,High
b1e0ad90,High
b1e5f770,High
b1ff85c5,High
b2d5499f,High
b2ee1ee7,Low
b33fc6cb,High
b36727bc,High
b40d8f4e,High
b4162b66,Medium
b4a65fde,High
b4caec29,High
b4d52fea,Medium
b564e260,High
b5aec5c3,High
b5ce8afc,Medium
b5db7693,High
b60f9ab3,High
b6418dc2,High
b6e384ce,High
b7599490,High
b7e290eb,Medium
b7fc5d61,Medium
b8241b24,High
b8796e2e,Medium
b919eeca,Medium
b9360919,Low
b95013f1,High
b9a1ddb2,High
b9c2f37a,High
ba63f82c,High
bb428b4d,High
bbb7ba71,High
bbbcdb24,High
bbf9f5fe,Low
bc0e04ce,High
bc3a6272,High
bc913ebe,High
bc9e6c5d,Low
bca73883,Medium
bcb430e3,High
bd98e172,High
bda544ec,Low
bdb489c0,Medium
bdf1f1ff,High
be721f54,High
bee6f560,High
bf5d0f57,High
bf8243b7,Medium
bf9913dd,Medium
c09a315b,Low
c158de38,High
c1843069,High
c1dc776a,High
c2149c07,High
c21ae5a1,Low
c2370af2,High
c2893bda,High
c2c07b05,Medium
c2d274aa,High
c30cd7d8,Medium
c32ae63f,High
c363b1ad,Medium
c369446c,High
c37c0096,High
c3e9a960,Low
c488b483,Medium
c4c83ee6,Low
c54b46f0,High
c54be95a,Low
c557ab5f,High
c58bfa6e,High
c58e2412,High
c62748b6,High
c659c596,High
c698da4c,Medium
c71f9dae,High
c724fffa,High
c7627e42,High
c766025d,Medium
c7ee131e,High
c7f5a4a2,Medium
c80fe406,High
c823ce77,High
c82ac81c,Low
c8377e37,Medium
c84e7e18,High
c8c41b33,Low
c9978400,Low
c9e6afaa,Low
ca469b41,Medium
ca47ecd8,High
ca83af7e,High
cacadff9,High
cb64180e,Low
cbb419aa,Low
cbb757f5,Medium
cc266f37,High
cc2832ba,High
cc3dfb6a,Low
ccd937b8,High
cd1f2573,High
cd20229a,High
cdb79d6f,High
cdbf502d,Medium
cde44f96,Medium
ce0fda0a,High
ce838c4f,High
ced0898f,High
cf65cb6d,High
cfbc51d8,High
d036ff5d,High
d05744f2,High
d125cd5b,High
d1498ea3,Medium
d181f3b3,Medium
d189701f,High
d21ce4ef,Low
d28046bc,High
d2b2da59,Medium
d360368b,Medium
d39eadba,High
d3b44e44,High
d3e24bb5,High
d3ec8dac,High
d4691742,Medium
d4876e5e,High
d4e550ef,High
d4e99858,High
d5479db4,Low
d55b8d32,High
d59044e1,High
d619d6ac,High
d67db6dc,High
d6d1f534,High
d70de9a7,High
d79899e1,High
d7f98932,High
d844716f,Medium
d855185c,High
d86153e3,Medium
d87ad660,High
d94be574,High
d9b5233a,Low
d9d6b210,High
da6dbb08,Medium
db520a0d,High
dbb83747,High
dbe28988,High
dbfac7a1,Medium
dc758a61,High
dc8c2cc3,Medium
dcc03438,High
dd4a0d2d,High
ddff87dd,Medium
de83f6f4,High
de9a845f,High
deae5754,High
deb74689,Medium
decee04f,High
deed0e45,Low
df0aaa8d,High
df2b837a,High
df6c6fee,High
dfc23d44,Medium
dff6c023,High
e07699d8,High
e0a2ad11,High
e0d06535,High
e0d2e878,High
e112b2c8,High
e17cec52,High
e1fdaeaa,High
e37f0d57,Medium
e4892740,Medium
e4c90b16,High
e523a957,Medium
e548d139,Medium
e56767cf,High
e62adc1e,High
e63b3cba,Low
e6571109,High
e683ea04,High
e6ecff55,High
e728588a,High
e73014ba,High
e7e3a8b0,High
e8401018,Medium
e8c6770b,High
e906fb9f,High
e930f449,Low
e97ec0e0,Medium
e9a97fdc,High
e9bfb25c,High
ea08d6a6,High
ea128aeb,High
ea8670e7,High
ea950cc0,Medium
ea99911b,High
eb601c15,High
ec18a7a2,High
ec6df6c6,Medium
ec7c6c8a,High
ecd7ba0e,Medium
ed1ab276,High
ede66c35,High
edfd2d27,High
ee147cca,High
ee14f4a6,High
ee9cdd1a,Medium
eed4e1bc,High
ef328cab,High
ef5a212d,Medium
ef67e31b,High
ef8d6878,High
f02a4b71,Medium
f09df16e,High
f13ea268,Medium
f201803d,High
f20adb4a,High
f21d625b,Medium
f236ae90,Low
f26c7944,High
f2c082c3,Medium
f2fcfe25,High
f312b5da,High
f37b16d4,Medium
f38faa04,Low
f3ba2a6d,High
f3d2946a,Low
f3eb210e,Low
f42b6c53,Low
f4315468,Medium
f44128d1,Medium
f53a20ef,High
f572dd78,High
f5fbcc73,High
f6364d60,High
f6747d56,High
f7136abb,High
f713bcd4,High
f72d36a1,Medium
f7312aa8,High
f7779dc8,Low
f79f587e,High
f7dbb5bd,High
f846850b,High
f84c1547,High
f8c957b0,High
f90aaa5d,Low
f9235b11,Low
f9450be9,High
f96847e4,High
f9bd5b6e,Medium
f9e8393e,High
fa5f58d1,High
fabe7d5c,Medium
fb219038,High
fb4e1419,Low
fb5f3b17,High
fbc89964,High
fbfad9de,High
fc632ab1,Low
fcbbbef0,Low
fd35a114,High
fd4ffb55,High
fd62b30c,High
fd85f614,Medium
fe7e49da,Low
ff542590,Low
ff79f140,High
ff81f975,High
ff8edcc9,High
ff955d18,Medium
ffca3177,High
ffe6c9e9,High
fffb525d,High
